N°;Nombre_comercial;Url_Imagnes;;;
1;Avvio A300 Azul;"https://co.celulares.com/fotos/avvio-a300-1-76633-g-alt.jpg;https://co.celulares.com/fotos/avvio-a300-1-76634-g-alt.jpg;https://co.celulares.com/fotos/avvio-a300-1-76635-g-alt.jpg";;;
2;iPhone 14 128GB Midnight;"https://http2.mlstatic.com/D_NQ_NP_2X_913741-MLM51559386469_092022-F.webp;https://http2.mlstatic.com/D_NQ_NP_2X_603148-MLM51559386471_092022-F.webp;https://http2.mlstatic.com/D_NQ_NP_2X_845644-MLM74134573384_012024-F.webp";;;
3;iPhone 11 128GB Blanco;"https://http2.mlstatic.com/D_NQ_NP_2X_795965-MLU77435555312_072024-F.webp;https://http2.mlstatic.com/D_Q_NP_687333-MLA74781181175_022024-R.webp;https://http2.mlstatic.com/D_NQ_NP_2X_620534-MLU77651694607_072024-F.webp";;;
5;iPhone 11 128GB Negro Nacar;"https://http2.mlstatic.com/D_NQ_NP_2X_650344-MCO48634466262_122021-F.webp;https://http2.mlstatic.com/D_NQ_NP_2X_663941-MCO48634466264_122021-F.webp";;;
6;iPhone 16 Pro 128GB Fucsia;;;;
7;iPhone 16 Plus 128GB Negro;"https://http2.mlstatic.com/D_NQ_NP_2X_677076-MLU79116568655_092024-F.webp;https://http2.mlstatic.com/D_NQ_NP_2X_761323-MLU78879158670_092024-F.webp;https://http2.mlstatic.com/D_NQ_NP_2X_680163-MLU79116568661_092024-F.webp";;;
8;Avvio A400 Azul;"https://co.celulares.com/fotos/avvio-a400-1-70606-g-alt.jpg;https://co.celulares.com/fotos/avvio-a400-1-70605-g-alt.jpg";;;
9;iPhone 16 Pro Max 128GB Azul;;;;
10;Honor 200 Lite 256GB Verde;"https://http2.mlstatic.com/D_NQ_NP_2X_633167-MLA79974050068_102024-F.webp;https://http2.mlstatic.com/D_NQ_NP_2X_606712-MLA80228840397_102024-F.webp;https://http2.mlstatic.com/D_NQ_NP_2X_915635-MLA80228840389_102024-F.webp";;;
11;Honor 200 512GB Verde + Speaker;"https://cdn.claro.com.co/imagenes/v9/catalogo/646x1000/70061525.jpg;https://cdn.claro.com.co/imagenes/v9/catalogo/646x1000/70061525_2.jpg;https://cdn.claro.com.co/imagenes/v9/catalogo/646x1000/70061525_5.jpg";;;
12;Honor 200 256GB Verde + Speaker;"https://cdn.claro.com.co/imagenes/v9/catalogo/646x1000/70061525.jpg;https://cdn.claro.com.co/imagenes/v9/catalogo/646x1000/70061525_2.jpg;https://cdn.claro.com.co/imagenes/v9/catalogo/646x1000/70061525_5.jpg";;;
13;iPhone 16 128 GB Negro;"https://cdn.claro.com.co/imagenes/v9/catalogo/646x1000/70061028.jpg;https://cdn.claro.com.co/imagenes/v9/catalogo/646x1000/70061028_2.jpg;https://cdn.claro.com.co/imagenes/v9/catalogo/646x1000/70061028_8.jpg";;;
14;Honor 200 512GB Blanco + Watch 8 Ultra;"https://cdn.claro.com.co/imagenes/v9/catalogo/646x1000/70061668_2.jpg;https://cdn.claro.com.co/imagenes/v9/catalogo/646x1000/70062087_5.jpg";;;
15;HOR 200 PRO 512GB Negro + Watch 8 Ultra;"https://cdn.claro.com.co/imagenes/v9/catalogo/646x1000/70062087.jpg;https://cdn.claro.com.co/imagenes/v9/catalogo/646x1000/70062087_2.jpg;https://cdn.claro.com.co/imagenes/v9/catalogo/646x1000/70062087_5.jpg";;;
16;Honor Magic 6 Lite 256GB Plateado + Watch X7 Pro;"https://exitocol.vtexassets.com/arquivos/ids/26787635/Celular-HONOR-Magic-6-Lite-256-GB-8-GB-RAM-Plateado-SmartWatch-3509873_a.jpg?v=638750730027070000;https://exitocol.vtexassets.com/arquivos/ids/26787636/Celular-HONOR-Magic-6-Lite-256-GB-8-GB-RAM-Plateado-SmartWatch-3509873_b.jpg?v=638750730028630000;https://http2.mlstatic.com/D_NQ_NP_993852-MCO53381882492_012023-O.webp";;;
17;Honor X5B 128GB Morado;"https://http2.mlstatic.com/D_NQ_NP_2X_766183-MLA81029685473_112024-F.webp;https://http2.mlstatic.com/D_NQ_NP_2X_894712-MLA81029618121_112024-F.webp;https://http2.mlstatic.com/D_NQ_NP_2X_858547-MLA80764511726_112024-F.webp";;;
18;Honor 90 256GB Verde;"https://carulla.vteximg.com.br/arquivos/ids/19722900/HONOR-Honor-90-256-GB-Verde-3460429_a.jpg?v=638750963079700000;https://carulla.vteximg.com.br/arquivos/ids/19722902/HONOR-Honor-90-256-GB-Verde-3460429_c.jpg?v=638750963082470000;https://carulla.vteximg.com.br/arquivos/ids/19722903/HONOR-Honor-90-256-GB-Verde-3460429_d.jpg?v=638750963083870000";;;
19;Honor X6A 128GB Azul;"https://exitocol.vteximg.com.br/arquivos/ids/26786963/Celular-HONOR-X6A-Plus-128-GB-6-GB-RAM-Azul-3498632_a.jpg?v=638750722383500000;https://exitocol.vteximg.com.br/arquivos/ids/26786964/Celular-HONOR-X6A-Plus-128-GB-6-GB-RAM-Azul-3498632_b.jpg?v=638750722384730000;https://exitocol.vteximg.com.br/arquivos/ids/26786966/Celular-HONOR-X6A-Plus-128-GB-6-GB-RAM-Azul-3498632_d.jpg?v=638750722386770000";;;
20;Honor X7B 256GB Verde;"https://cdn.claro.com.co/imagenes/v9/catalogo/646x1000/70062323_2.jpg;https://cdn.claro.com.co/imagenes/v9/catalogo/646x1000/70062323_3.jpg;https://cdn.claro.com.co/imagenes/v9/catalogo/646x1000/70062323_4.jpg";;;
21;Honor Magic 6 Lite 256GB Verde + Watch 8 Ultra;"https://luegopago.blob.core.windows.net/content-process/products-images/prod/2497/30ffdecb-f521-44f7-af15-ae77756e9097.webp;https://luegopagocdn.azureedge.net/content-process/products-images/prod/2497/e59ac9d8-fe8b-4ce3-8625-7ec6ad7d4661.webp;https://http2.mlstatic.com/D_NQ_NP_789504-MLU74432321037_022024-O.webp";;;
22;Honor X6B 256GB Morado;"https://cdn.claro.com.co/imagenes/v9/catalogo/646x1000/70060281.jpg;https://cdn.claro.com.co/imagenes/v9/catalogo/646x1000/70060281_2.jpg;https://cdn.claro.com.co/imagenes/v9/catalogo/646x1000/70060281_4.jpg";;;
23;Honor X5B 128GB Negro;"https://cdn.claro.com.co/imagenes/v9/catalogo/646x1000/70060833.jpg;https://cdn.claro.com.co/imagenes/v9/catalogo/646x1000/70060833_2.jpg;https://cdn.claro.com.co/imagenes/v9/catalogo/646x1000/70060833_4.jpg";;;
24;Honor X7B 256GB Negro;"https://cdn.claro.com.co/imagenes/v9/catalogo/646x1000/70062303_2.jpg;https://cdn.claro.com.co/imagenes/v9/catalogo/646x1000/70062303_3.jpg;https://cdn.claro.com.co/imagenes/v9/catalogo/646x1000/70062303_4.jpg";;;
25;Honor X6B 256GB Verde;"https://cdn.claro.com.co/imagenes/v9/catalogo/646x1000/70060060.jpg;https://cdn.claro.com.co/imagenes/v9/catalogo/646x1000/70060060_2.jpg;https://cdn.claro.com.co/imagenes/v9/catalogo/646x1000/70060060_5.jpg";;;
26;HOR X7C 256GB Blanco;"https://cdn.claro.com.co/imagenes/v9/catalogo/646x1000/70062546.jpg;https://cdn.claro.com.co/imagenes/v9/catalogo/646x1000/70062546_2.jpg;https://cdn.claro.com.co/imagenes/v9/catalogo/646x1000/70062546_4.jpg";;;
27;Honor X7C 256GB Negro;"https://cdn.claro.com.co/imagenes/v9/catalogo/646x1000/70062554.jpg;https://cdn.claro.com.co/imagenes/v9/catalogo/646x1000/70062554_2.jpg;https://cdn.claro.com.co/imagenes/v9/catalogo/646x1000/70062554_4.jpg";;;
28;KA Black C Pro 2 Verde + Cafetera KA MCM4;"https://cdn.claro.com.co/imagenes/v9/catalogo/646x1000/70059435_2.jpg;https://cdn.claro.com.co/imagenes/v9/catalogo/646x1000/70059435_3.jpg;https://encrypted-tbn0.gstatic.com/images?q=tbn:ANd9GcRulxgPFNBRIWW62WnasABc50k9IngYnVhE-A&s";;;
29;Motorola Edge 50 Fusion 512GB Verde + MotoBuds 065;"https://cdn.claro.com.co/imagenes/v9/catalogo/646x1000/70061883.jpg;https://cdn.claro.com.co/imagenes/v9/catalogo/646x1000/70061883_4.jpg;https://cdn.claro.com.co/imagenes/v9/catalogo/646x1000/70061883_5.jpg;https://cdn.claro.com.co/imagenes/v9/catalogo/646x1000/70061883_6.jpg";;;
30;Motorola E40 Neo 256GB Naranja;"https://carulla.vteximg.com.br/arquivos/ids/19702192/Celular-MOTOROLA-Edge-40-neo-256-GB-8-GB-RAM-Naranja-3544704_a.jpg?v=638750733266600000;https://carulla.vteximg.com.br/arquivos/ids/19702195/Celular-MOTOROLA-Edge-40-neo-256-GB-8-GB-RAM-Naranja-3544704_d.jpg?v=638750733270030000;https://carulla.vteximg.com.br/arquivos/ids/19702199/Celular-MOTOROLA-Edge-40-neo-256-GB-8-GB-RAM-Naranja-3544704_h.jpg?v=638750733275030000";;;
31;Motorola E40 Neo 256GB 230V Azul;"https://exitocol.vteximg.com.br/arquivos/ids/26787316/Moto-Edge-40-Neo-256-Azul-MOTOROLA-Edge-40-neo-256-GB-8-GB-RAM-Azul-3500229_f.jpg?v=638750726131200000;https://exitocol.vteximg.com.br/arquivos/ids/26787317/Moto-Edge-40-Neo-256-Azul-MOTOROLA-Edge-40-neo-256-GB-8-GB-RAM-Azul-3500229_g.jpg?v=638750726133370000;https://exitocol.vteximg.com.br/arquivos/ids/26787315/Moto-Edge-40-Neo-256-Azul-MOTOROLA-Edge-40-neo-256-GB-8-GB-RAM-Azul-3500229_e.jpg?v=638750726129000000";;;
32;Motorola E40 Neo 256GB Azul + MotoBuds 135;"https://exitocol.vteximg.com.br/arquivos/ids/26787316/Moto-Edge-40-Neo-256-Azul-MOTOROLA-Edge-40-neo-256-GB-8-GB-RAM-Azul-3500229_f.jpg?v=638750726131200000;https://exitocol.vteximg.com.br/arquivos/ids/26787317/Moto-Edge-40-Neo-256-Azul-MOTOROLA-Edge-40-neo-256-GB-8-GB-RAM-Azul-3500229_g.jpg?v=638750726133370000;https://exitocol.vteximg.com.br/arquivos/ids/26787315/Moto-Edge-40-Neo-256-Azul-MOTOROLA-Edge-40-neo-256-GB-8-GB-RAM-Azul-3500229_e.jpg?v=638750726129000000;https://http2.mlstatic.com/D_NQ_NP_964284-MCO73374077883_122023-O.webp";;;
33;Motorola Edge 50 Fusion 256GB Verde;"https://compras.tigo.com.co/arquivos/ids/164060-1000-1000/Edge-50-Fusion_Verde-Azulado_01.png?v=638574239429070000;https://compras.tigo.com.co/arquivos/ids/164063-1000-1000/Edge-50-Fusion_Verde-Azulado_04.png?v=638574239718130000;https://compras.tigo.com.co/arquivos/ids/164064-1000-1000/Edge-50-Fusion_Verde-Azulado_05.png?v=638574239816570000";;;
34;Motorola Edge 50 Fusion 256GB Rojo;"https://compras.tigo.com.co/arquivos/ids/164070-1000-1000/Edge-50-Fusion_Rosa-Fragola_01.png?v=638574241059200000;https://compras.tigo.com.co/arquivos/ids/164073-1000-1000/Edge-50-Fusion_Rosa-Fragola_04.png?v=638574241369870000;https://compras.tigo.com.co/arquivos/ids/164074-1000-1000/Edge-50-Fusion_Rosa-Fragola_05.png?v=638574241486900000";;;
35;Motorola Edge 50 Fusion 256GB Azul;"https://compras.tigo.com.co/arquivos/ids/164449-1000-1000/Edge-50-Fusion_Azul-Artico_01.png?v=638647130481270000;https://compras.tigo.com.co/arquivos/ids/164452-1000-1000/Edge-50-Fusion_Azul-Artico_04.png?v=638647131806130000;https://compras.tigo.com.co/arquivos/ids/164453-1000-1000/Edge-50-Fusion_Azul-Artico_05.png?v=638647131897730000";;;
36;KDK D65LX 64GB Negro + SMARTAGKODAK;"https://http2.mlstatic.com/D_NQ_NP_2X_810398-MLA50434089780_062022-F.webp;https://http2.mlstatic.com/D_NQ_NP_2X_853223-MLA50775572169_072022-F.webp;https://i0.wp.com/itseller.co/wp-content/uploads/2021/02/st3.jpg?fit=564%2C384&ssl=1";;;
38;Motorola G54 256GB Azul;"https://exitocol.vteximg.com.br/arquivos/ids/26787335/Moto-G54-256GB-Azul-MOTOROLA-G54-256-gb-256-GB-8-GB-RAM-Azul-3500232_a.jpg?v=638750726354800000;https://exitocol.vteximg.com.br/arquivos/ids/26787338/Moto-G54-256GB-Azul-MOTOROLA-G54-256-gb-256-GB-8-GB-RAM-Azul-3500232_d.jpg?v=638750726362470000;https://exitocol.vteximg.com.br/arquivos/ids/26787342/Moto-G54-256GB-Azul-MOTOROLA-G54-256-gb-256-GB-8-GB-RAM-Azul-3500232_h.jpg?v=638750726369000000";;;
39;Motorola G54 256GB Verde;"https://exitocol.vtexassets.com/arquivos/ids/26787343/Moto-G54-256GB-Verde-MOTOROLA-G54-256-gb-256-GB-8-GB-RAM-Verde-3500233_a.jpg?v=638750726423030000;https://exitocol.vtexassets.com/arquivos/ids/26787346/Moto-G54-256GB-Verde-MOTOROLA-G54-256-gb-256-GB-8-GB-RAM-Verde-3500233_d.jpg?v=638750726434270000;https://exitocol.vtexassets.com/arquivos/ids/26787350/Moto-G54-256GB-Verde-MOTOROLA-G54-256-gb-256-GB-8-GB-RAM-Verde-3500233_h.jpg?v=638750726450470000";;;
40;Motorola Moto G04S 128GB Verde;"https://cdn.claro.com.co/imagenes/v9/catalogo/646x1000/70061796_7.jpg;https://cdn.claro.com.co/imagenes/v9/catalogo/646x1000/70061796.jpg;https://cdn.claro.com.co/imagenes/v9/catalogo/646x1000/70061796_2.jpg";;;
41;Motorola Moto G04S 128GB Azul;"https://cdn.claro.com.co/imagenes/v9/catalogo/646x1000/70061796.jpg;https://cdn.claro.com.co/imagenes/v9/catalogo/646x1000/70061796_2.jpg;https://cdn.claro.com.co/imagenes/v9/catalogo/646x1000/70061775_7.jpg";;;
42;Motorola Moto G04S 128GB Negro;"https://cdn.claro.com.co/imagenes/v9/catalogo/646x1000/70061788.jpg;https://cdn.claro.com.co/imagenes/v9/catalogo/646x1000/70061788_2.jpg;https://cdn.claro.com.co/imagenes/v9/catalogo/646x1000/70061788_3.jpg";;;
43;Motorola Moto G04 128GB Negro;"https://puntoscolombia.vtexassets.com/arquivos/ids/26453684-800-auto?v=638462315494370000&width=800&height=auto&aspect=true;https://puntoscolombia.vtexassets.com/arquivos/ids/26453685-800-auto?v=638462315494770000&width=800&height=auto&aspect=true;https://puntoscolombia.vtexassets.com/arquivos/ids/26453683-800-auto?v=638462315494230000&width=800&height=auto&aspect=true";;;
44;Motorola Moto G04 128GB Azul;"https://tienda.movistar.com.co/media/catalog/product/cache/5ef02510d71dc93118619de4fb50cd05/m/o/motorola-g04azul01.jpg;https://tienda.movistar.com.co/media/catalog/product/cache/5ef02510d71dc93118619de4fb50cd05/m/o/motorola-g04azul02.jpg;https://tienda.movistar.com.co/media/catalog/product/cache/5ef02510d71dc93118619de4fb50cd05/m/o/motorola-g04azul03.jpg";;;
45;Motorola Moto G24 Power 256GB Azul;"https://imagedelivery.net/4fYuQyy-r8_rpBpcY7lH_A/falabellaCO/72905948_1/w=1500,h=1500,fit=pad;https://imagedelivery.net/4fYuQyy-r8_rpBpcY7lH_A/falabellaCO/72905948_5/w=1500,h=1500,fit=pad;https://imagedelivery.net/4fYuQyy-r8_rpBpcY7lH_A/falabellaCO/72905948_7/w=1500,h=1500,fit=pad";;;
46;Motorola Moto G24 Power 256GB Gris;"https://imagedelivery.net/4fYuQyy-r8_rpBpcY7lH_A/falabellaCO/72905949_1/w=1500,h=1500,fit=pad;https://imagedelivery.net/4fYuQyy-r8_rpBpcY7lH_A/falabellaCO/72905949_5/w=1500,h=1500,fit=pad;https://imagedelivery.net/4fYuQyy-r8_rpBpcY7lH_A/falabellaCO/72905949_7/w=1500,h=1500,fit=pad";;;
47;Motorola Moto G04S 256GB Negro;"https://cdn.claro.com.co/imagenes/v9/catalogo/646x1000/70061788.jpg;https://cdn.claro.com.co/imagenes/v9/catalogo/646x1000/70061788_2.jpg;https://cdn.claro.com.co/imagenes/v9/catalogo/646x1000/70061788_3.jpg";;;
48;Motorola Moto G54 128GB Negro;"https://exitocol.vteximg.com.br/arquivos/ids/26808974/MOTOROLA-Moto-G54-128-GB-Negro-cargador-3435776_a.jpg?v=638750962329700000;https://exitocol.vteximg.com.br/arquivos/ids/26808977/MOTOROLA-Moto-G54-128-GB-Negro-cargador-3435776_d.jpg?v=638750962332130000;https://exitocol.vteximg.com.br/arquivos/ids/26808981/MOTOROLA-Moto-G54-128-GB-Negro-cargador-3435776_h.jpg?v=638750962336030000";;;
49;Motorola Moto G34 256GB Negro;"https://www.alkosto.com/medias/840023264795-001-750Wx750H?context=bWFzdGVyfGltYWdlc3wyMzAyNHxpbWFnZS93ZWJwfGFEWTRMMmcxWmk4eE5Ea3lOVFEyTnpZeE5USTJNaTg0TkRBd01qTXlOalEzT1RWZk1EQXhYemMxTUZkNE56VXdTQXxlYzcwN2ZmYTRjYmE2NDEyODEzMzIxOGJiYTkwOGZiNWI0YTRjY2ZmYTk5MDM4MWVlZWY4NTNkNjBkZjc2Mzgz;https://www.alkosto.com/medias/840023264795-008-750Wx750H?context=bWFzdGVyfGltYWdlc3wyNzMzNHxpbWFnZS93ZWJwfGFHSXhMMmd6WXk4eE5EVTFPVGd6TURJeE1qWXpPQzg0TkRBd01qTXlOalEzT1RWZk1EQTRYemMxTUZkNE56VXdTQXw0YWQ4YzMyNTI3Y2E2ZTdiMWJkOGRmODRhYTQyN2Y1NzMzNmU0MGZlMDk5YzNkOTgwMzE0N2JlZjI5NzljODJh;https://www.alkosto.com/medias/840023264795-011-750Wx750H?context=bWFzdGVyfGltYWdlc3wyNTU2MnxpbWFnZS93ZWJwfGFHTXpMMmcwTlM4eE5EVTFPVGd6TVRrNE1qRXhNQzg0TkRBd01qTXlOalEzT1RWZk1ERXhYemMxTUZkNE56VXdTQXwxYTk5MTJkYjBjZGQzYzIxNzc3Y2VmN2Y4NWI0YTI0ZjFhNjk2ODFmZDRhYzliMjdiNWRmY2YwNzQzN2Q1YmE1";;;
50;Motorola Moto G34 256GB Verde;"https://www.alkosto.com/medias/840023264849-001-750Wx750H?context=bWFzdGVyfGltYWdlc3wyMjg5MnxpbWFnZS93ZWJwfGFEVmxMMmd3TXk4eE5Ea3lOVFEyT0RJd05UQTROaTg0TkRBd01qTXlOalE0TkRsZk1EQXhYemMxTUZkNE56VXdTQXxjZmE2Nzc4MDY0NzhiMTY2MDc5NWFkZDYwNzRiYTM2NjFjNTI2ZDcxZGU2OWRhMmMzNTA2YjZkYzFlOWVkZGE3;https://www.alkosto.com/medias/840023264849-008-750Wx750H?context=bWFzdGVyfGltYWdlc3wyODM3MHxpbWFnZS93ZWJwfGFEaGlMMmhtTVM4eE5EVTFPVGd6TXpZeU1EVXhNQzg0TkRBd01qTXlOalE0TkRsZk1EQTRYemMxTUZkNE56VXdTQXwzYTYyODhmYzk2NWVjNTE5OWNmOTc1NTE4NWI2NGZhOWE0ZmE0MDc5MTJmMDE2NTZmYjA0YWVjMDgwNzA0NzIy;https://www.alkosto.com/medias/840023264849-011-750Wx750H?context=bWFzdGVyfGltYWdlc3wzNDU3NnxpbWFnZS93ZWJwfGFEZGxMMmd5Tnk4eE5EVTFPVGd6TlRNNE9UazRNaTg0TkRBd01qTXlOalE0TkRsZk1ERXhYemMxTUZkNE56VXdTQXxmNWM4MDVlZTljMTMzMDA1NGQ4ZGUxNWYwZmE0MGNhZWUxOTYyMGJjMDg2MDJlMGRiZTI4M2EyNWMwYjhkNTE0";;;
51;Motorola Moto G34 256GB Azul;"https://www.alkosto.com/medias/840023264870-001-750Wx750H?context=bWFzdGVyfGltYWdlc3wyMzI2MnxpbWFnZS93ZWJwfGFHRmxMMmd3WlM4eE5Ea3lOVFEyT0RjNU5Ea3hNQzg0TkRBd01qTXlOalE0TnpCZk1EQXhYemMxTUZkNE56VXdTQXw0YWM3ODdkMWI1YTg4YjQ5YzA4MWI2NzQyMjc2ZjdlNjMyNDM5NTgzNDZhNWNjNzdjZWY1ZWYyMWMyMzQxYTM4;https://www.alkosto.com/medias/840023264870-008-750Wx750H?context=bWFzdGVyfGltYWdlc3wyOTA3MHxpbWFnZS93ZWJwfGFHVTVMMmcwT0M4eE5EVTFPVGd6TmpVMk9UWXpNQzg0TkRBd01qTXlOalE0TnpCZk1EQTRYemMxTUZkNE56VXdTQXw3ODc3NzIwMDAwMjIxNWZjN2ExYWE1MWEwODllYTU5ZDBkYzE2MTIxNDU2NzFiZDU1MTI0Njc1ZTFiODQ3MjQ5;https://www.alkosto.com/medias/840023264870-011-750Wx750H?context=bWFzdGVyfGltYWdlc3wyNjU0MHxpbWFnZS93ZWJwfGFHRTFMMmhsWVM4eE5EVTFPVGd6T0RNek9URXdNaTg0TkRBd01qTXlOalE0TnpCZk1ERXhYemMxTUZkNE56VXdTQXw2MGRkNzM5YzE1Yjc5YmMwMWIyZTdlMzI1MDgxNWNkMzcyYmVlMjAxMDNmZjJhZDhiOTcxZTdhYmRmZGVhYzNj";;;
52;Motorola G34 256GB Negro + Parlante Z-1070;"https://www.alkosto.com/medias/840023264795-001-750Wx750H?context=bWFzdGVyfGltYWdlc3wyMzAyNHxpbWFnZS93ZWJwfGFEWTRMMmcxWmk4eE5Ea3lOVFEyTnpZeE5USTJNaTg0TkRBd01qTXlOalEzT1RWZk1EQXhYemMxTUZkNE56VXdTQXxlYzcwN2ZmYTRjYmE2NDEyODEzMzIxOGJiYTkwOGZiNWI0YTRjY2ZmYTk5MDM4MWVlZWY4NTNkNjBkZjc2Mzgz;https://www.alkosto.com/medias/840023264795-008-750Wx750H?context=bWFzdGVyfGltYWdlc3wyNzMzNHxpbWFnZS93ZWJwfGFHSXhMMmd6WXk4eE5EVTFPVGd6TURJeE1qWXpPQzg0TkRBd01qTXlOalEzT1RWZk1EQTRYemMxTUZkNE56VXdTQXw0YWQ4YzMyNTI3Y2E2ZTdiMWJkOGRmODRhYTQyN2Y1NzMzNmU0MGZlMDk5YzNkOTgwMzE0N2JlZjI5NzljODJh;https://www.alkosto.com/medias/840023264795-011-750Wx750H?context=bWFzdGVyfGltYWdlc3wyNTU2MnxpbWFnZS93ZWJwfGFHTXpMMmcwTlM4eE5EVTFPVGd6TVRrNE1qRXhNQzg0TkRBd01qTXlOalEzT1RWZk1ERXhYemMxTUZkNE56VXdTQXwxYTk5MTJkYjBjZGQzYzIxNzc3Y2VmN2Y4NWI0YTI0ZjFhNjk2ODFmZDRhYzliMjdiNWRmY2YwNzQzN2Q1YmE1;https://www.regaloscorporativos.com/wp-content/uploads/2019/08/Z-1070-S_1.jpg";;;
53;Motorola Moto G54 128GB Azul;"https://http2.mlstatic.com/D_NQ_NP_2X_865243-MCO77123850723_062024-F.webp;https://http2.mlstatic.com/D_NQ_NP_2X_967916-MCO76914856856_062024-F.webp;https://http2.mlstatic.com/D_NQ_NP_2X_645670-MCO76914856848_062024-F.webp";;;
54;Motorola Moto G85 256GB Gris;"https://cdn.claro.com.co/imagenes/v9/catalogo/646x1000/70059405.jpg;https://cdn.claro.com.co/imagenes/v9/catalogo/646x1000/70059405_2.jpg;https://cdn.claro.com.co/imagenes/v9/catalogo/646x1000/70059405_3.jpg";;;
55;Oppo A38 128 GB Dorado;"https://puntoscolombia.vtexassets.com/arquivos/ids/24020525-800-auto?v=638305559647400000&width=800&height=auto&aspect=true;https://puntoscolombia.vtexassets.com/arquivos/ids/24020523-800-auto?v=638305559646330000&width=800&height=auto&aspect=true;https://puntoscolombia.vtexassets.com/arquivos/ids/24020526-800-auto?v=638305559647700000&width=800&height=auto&aspect=true";;;
56;Motorola Moto G85 256GB 5G Verde;"https://cdn.claro.com.co/imagenes/v9/catalogo/646x1000/70059413.jpg;https://cdn.claro.com.co/imagenes/v9/catalogo/646x1000/70059413_2.jpg;https://cdn.claro.com.co/imagenes/v9/catalogo/646x1000/70059413_3.jpg";;;
57;Oppo A40 256GB Morado;"https://cdn.claro.com.co/imagenes/v9/catalogo/646x1000/70059794.jpg;https://cdn.claro.com.co/imagenes/v9/catalogo/646x1000/70059794_2.jpg";;;
58;Motorola Moto G85 256GB Azul;"https://cdn.claro.com.co/imagenes/v9/catalogo/646x1000/70059357.jpg;https://cdn.claro.com.co/imagenes/v9/catalogo/646x1000/70059357_2.jpg;https://cdn.claro.com.co/imagenes/v9/catalogo/646x1000/70059357_3.jpg";;;
59;Motorola Moto G85 512GB Verde + MotoBuds 065;"https://cdn.claro.com.co/imagenes/v9/catalogo/646x1000/70059413.jpg;https://cdn.claro.com.co/imagenes/v9/catalogo/646x1000/70059413_2.jpg;https://cdn.claro.com.co/imagenes/v9/catalogo/646x1000/70059413_3.jpg;https://http2.mlstatic.com/D_NQ_NP_689070-MLU77422961740_072024-O.webp";;;
60;Oppo A60 256GB Negro;"https://cdn.claro.com.co/imagenes/v9/catalogo/646x1000/70059914.jpg;https://cdn.claro.com.co/imagenes/v9/catalogo/646x1000/70059914_3.jpg;https://cdn.claro.com.co/imagenes/v9/catalogo/646x1000/70059914_5.jpg";;;
61;OPPO Reno 12 512GB Morado + Reloj Inteligente;"https://www.alkomprar.com/medias/7708334730794-001-750Wx750H?context=bWFzdGVyfGltYWdlc3wzMDI0MnxpbWFnZS93ZWJwfGFEZzFMMmd3WXk4eE5Ea3lOVFEwTWpjeE1UVTRNaTgzTnpBNE16TTBOek13TnprMFh6QXdNVjgzTlRCWGVEYzFNRWd8YmE4MDQ0YmZmODUyZGE3MzE5NmQ4YzkwNzQ3NzlhMGEzZDBiOGY3YWIwMmU5ZDUyNzA5OGFiODQ5ODk3ZTkzMQ;https://www.corbeta.com.co/media/catalog/product/cache/1/image/458x458/9df78eab33525d08d6e5fb8d27136e95/0/6/06_4_.jpg";;;
62;Oppo A60 256GB Blanco;"https://cdn.claro.com.co/imagenes/v9/catalogo/646x1000/70059813.jpg;https://cdn.claro.com.co/imagenes/v9/catalogo/646x1000/70059813_2.jpg;https://cdn.claro.com.co/imagenes/v9/catalogo/646x1000/70059813_3.jpg";;;
63;Oppo A80 256GB Morado;"https://cdn.claro.com.co/imagenes/v9/catalogo/646x1000/70062076_2.jpg;https://cdn.claro.com.co/imagenes/v9/catalogo/646x1000/70062076_3.jpg;https://cdn.claro.com.co/imagenes/v9/catalogo/646x1000/70062076_4.jpg";;;
64;Oppo Reno 12F 256GB Naranja + Speaker;"https://cdn.claro.com.co/imagenes/v9/catalogo/646x1000/70060574.jpg;https://cdn.claro.com.co/imagenes/v9/catalogo/646x1000/70060574_2.jpg;https://cdn.claro.com.co/imagenes/v9/catalogo/646x1000/70060574_6.jpg";;;
65;Oppo Reno 12F 256GB Rojo;"https://cdn.claro.com.co/imagenes/v9/catalogo/646x1000/70063721_2.jpg;https://cdn.claro.com.co/imagenes/v9/catalogo/646x1000/70063721_3.jpg;https://cdn.claro.com.co/imagenes/v9/catalogo/646x1000/70063721_4.jpg";;;
66;Oppo Reno 12 512GB Morado + Reloj Inteligente;"https://www.alkomprar.com/medias/7708334730794-001-750Wx750H?context=bWFzdGVyfGltYWdlc3wzMDI0MnxpbWFnZS93ZWJwfGFEZzFMMmd3WXk4eE5Ea3lOVFEwTWpjeE1UVTRNaTgzTnpBNE16TTBOek13TnprMFh6QXdNVjgzTlRCWGVEYzFNRWd8YmE4MDQ0YmZmODUyZGE3MzE5NmQ4YzkwNzQ3NzlhMGEzZDBiOGY3YWIwMmU5ZDUyNzA5OGFiODQ5ODk3ZTkzMQ;https://www.corbeta.com.co/media/catalog/product/cache/1/image/458x458/9df78eab33525d08d6e5fb8d27136e95/0/6/06_4_.jpg";;;
67;Oppo Reno 12F 256GB Naranja + Speaker + Kit Champions;"https://cdn.claro.com.co/imagenes/v9/catalogo/646x1000/70063721.jpg;https://cdn.claro.com.co/imagenes/v9/catalogo/646x1000/70063721_2.jpg;https://cdn.claro.com.co/imagenes/v9/catalogo/646x1000/70063721_5.jpg;https://cdn.claro.com.co/imagenes/v9/catalogo/646x1000/70063721_6.jpg";;;
68;Samsung Galaxy A55 256GB Morado;"https://http2.mlstatic.com/D_NQ_NP_2X_949261-MLU77500507682_072024-F.webp;https://http2.mlstatic.com/D_NQ_NP_2X_601305-MLU77717739253_072024-F.webp;https://http2.mlstatic.com/D_NQ_NP_2X_632566-MLU77717739257_072024-F.webp";;;
69;Oppo Reno 11 256GB/12GB Gris;"https://cdn.claro.com.co/imagenes/v9/catalogo/646x1000/70058184_2.jpg;https://cdn.claro.com.co/imagenes/v9/catalogo/646x1000/70058184_3.jpg;https://cdn.claro.com.co/imagenes/v9/catalogo/646x1000/70058184_4.jpg";;;
70;Oppo Reno 12F 256GB Verde + Speaker;"https://cdn.claro.com.co/imagenes/v9/catalogo/646x1000/70060579.jpg;https://cdn.claro.com.co/imagenes/v9/catalogo/646x1000/70060579_2.jpg;https://cdn.claro.com.co/imagenes/v9/catalogo/646x1000/70060579_6.jpg";;;
71;Oppo Reno 12F 256GB Verde + Speaker + Kit Champions;"https://cdn.claro.com.co/imagenes/v9/catalogo/646x1000/70063726.jpg;https://cdn.claro.com.co/imagenes/v9/catalogo/646x1000/70063726_2.jpg;https://cdn.claro.com.co/imagenes/v9/catalogo/646x1000/70063726_5.jpg;https://cdn.claro.com.co/imagenes/v9/catalogo/646x1000/70063726_6.jpg";;;
72;Samsung Galaxy A55 256GB Azul;"https://cdn.claro.com.co/imagenes/v9/catalogo/646x1000/70058438.jpg;https://cdn.claro.com.co/imagenes/v9/catalogo/646x1000/70058438_2.jpg;https://cdn.claro.com.co/imagenes/v9/catalogo/646x1000/70058438_5.jpg";;;
73;Samsung Galaxy A55 256GB Negro + SmartBand Fit3;"https://cdn.claro.com.co/imagenes/v9/catalogo/646x1000/70058498.jpg;https://cdn.claro.com.co/imagenes/v9/catalogo/646x1000/70058498_4.jpg;https://cdn.claro.com.co/imagenes/v9/catalogo/646x1000/70058498_5.jpg;https://http2.mlstatic.com/D_NQ_NP_785685-MLU74524021860_022024-O.webp";;;
74;Samsung Galaxy A55 256GB Negro;"https://cdn.claro.com.co/imagenes/v9/catalogo/646x1000/70058498.jpg;https://cdn.claro.com.co/imagenes/v9/catalogo/646x1000/70058498_4.jpg;https://cdn.claro.com.co/imagenes/v9/catalogo/646x1000/70058498_5.jpg";;;
75;Samsung Galaxy A55 256GB Amarillo;"https://cdn.claro.com.co/imagenes/v9/catalogo/646x1000/70058474.jpg;https://cdn.claro.com.co/imagenes/v9/catalogo/646x1000/70058474_4.jpg;https://cdn.claro.com.co/imagenes/v9/catalogo/646x1000/70058474_5.jpg";;;
76;Samsung Galaxy A05 64GB Plateado;"https://images.samsung.com/is/image/samsung/p6pim/co/sm-a055mzsdltc/gallery/co-galaxy-a05-sm-a055-sm-a055mzsdltc-539251373?$684_547_JPG$;https://images.samsung.com/is/image/samsung/p6pim/co/sm-a055mzsdltc/gallery/co-galaxy-a05-sm-a055-sm-a055mzsdltc-539251380?$684_547_JPG$;https://images.samsung.com/is/image/samsung/p6pim/co/sm-a055mzsdltc/gallery/co-galaxy-a05-sm-a055-sm-a055mzsdltc-539251427?$684_547_JPG$";;;
77;Samsung Galaxy A05 64GB Negro;"https://images.samsung.com/is/image/samsung/p6pim/co/sm-a055mzkdltc/gallery/co-galaxy-a05-sm-a055-sm-a055mzkdltc-539250199?$684_547_JPG$;https://images.samsung.com/is/image/samsung/p6pim/co/sm-a055mzkdltc/gallery/co-galaxy-a05-sm-a055-sm-a055mzkdltc-539250282?$684_547_JPG$;https://images.samsung.com/is/image/samsung/p6pim/co/sm-a055mzkdltc/gallery/co-galaxy-a05-sm-a055-sm-a055mzkdltc-539250437?$684_547_JPG$";;;
78;Samsung Galaxy A05 64GB Verde;"https://images.samsung.com/is/image/samsung/p6pim/co/sm-a055mlggltc/gallery/co-galaxy-a05-sm-a055-sm-a055mlggltc-539251392?$684_547_JPG$;https://images.samsung.com/is/image/samsung/p6pim/co/sm-a055mlggltc/gallery/co-galaxy-a05-sm-a055-sm-a055mlggltc-539251435?$684_547_JPG$;https://images.samsung.com/is/image/samsung/p6pim/co/sm-a055mlggltc/gallery/co-galaxy-a05-sm-a055-sm-a055mlggltc-539251449?$684_547_JPG$";;;
79;OPPO Reno 11 256GB/12GB RAM Verde Reloj Inteligente;"https://cdn.claro.com.co/imagenes/v9/catalogo/646x1000/70058184.jpg;https://cdn.claro.com.co/imagenes/v9/catalogo/646x1000/70058184_2.jpg;https://cdn.claro.com.co/imagenes/v9/catalogo/646x1000/70058184_6.jpg";;;
80;Samsung Galaxy A05S 128 GB Plateado;"https://cdn.claro.com.co/imagenes/v9/catalogo/646x1000/70057370.jpg;https://cdn.claro.com.co/imagenes/v9/catalogo/646x1000/70057370_2.jpg;https://cdn.claro.com.co/imagenes/v9/catalogo/646x1000/70057370_5.jpg";;;
81;Samsung Galaxy A05S 128 GB Negro;"https://cdn.claro.com.co/imagenes/v9/catalogo/646x1000/70057355.jpg;https://cdn.claro.com.co/imagenes/v9/catalogo/646x1000/70057355_2.jpg;https://cdn.claro.com.co/imagenes/v9/catalogo/646x1000/70057355_5.jpg";;;
82;Samsung Galaxy A06 128GB Azul;"https://cdn.claro.com.co/imagenes/v9/catalogo/646x1000/70061270.jpg;https://cdn.claro.com.co/imagenes/v9/catalogo/646x1000/70061270_4.jpg;https://cdn.claro.com.co/imagenes/v9/catalogo/646x1000/70061270_6.jpg";;;
83;Samsung Galaxy A05S 128GB 4GB Morado;"https://cdn.claro.com.co/imagenes/v9/catalogo/646x1000/70057363.jpg;https://cdn.claro.com.co/imagenes/v9/catalogo/646x1000/70057363_2.jpg;https://cdn.claro.com.co/imagenes/v9/catalogo/646x1000/70057363_5.jpg";;;
84;Samsung Galaxy A06 128GB Verde;"https://cdn.claro.com.co/imagenes/v9/catalogo/646x1000/70061376.jpg;https://cdn.claro.com.co/imagenes/v9/catalogo/646x1000/70061376_4.jpg;https://cdn.claro.com.co/imagenes/v9/catalogo/646x1000/70061376_5.jpg";;;
85;Samsung Galaxy A25 256GB Amarillo;"https://http2.mlstatic.com/D_NQ_NP_2X_844852-MLU77492786217_072024-F.webp;https://http2.mlstatic.com/D_NQ_NP_2X_803611-MLA74436537038_022024-F.webp";;;
86;Samsung Galaxy A16 256GB Negro;"https://www.alkosto.com/medias/8806095791791-001-750Wx750H?context=bWFzdGVyfGltYWdlc3wxMjcyMHxpbWFnZS93ZWJwfGFETmhMMmczTVM4eE5EazJNRGd3TURJMk9ETXhPQzg0T0RBMk1EazFOemt4TnpreFh6QXdNVjgzTlRCWGVEYzFNRWd8M2M4Y2ZmNzdmOWFiNGVkZDZkNzNhOWI0OTI1YzY0ZWQyZjZmOTBlYTA2MmQ1ZTk0ZmZlNzFlODI0NjM0MWU2Mw;https://www.alkosto.com/medias/8806095791791-002-1400Wx1400H?context=bWFzdGVyfGltYWdlc3wyMDY5MnxpbWFnZS93ZWJwfGFHUmhMMmcxWmk4eE5EazJNRGd3TURjNU1qWXdOaTg0T0RBMk1EazFOemt4TnpreFh6QXdNbDh4TkRBd1YzZ3hOREF3U0F8ZjY3MGNlZGVkZjYyYmYyMjM3OGRmMDlkMDQ2NWIxOGI4NjMzZjAzZDM4NmNjODI0MTVjOTBlYjFhYTdlY2U5Nw;https://www.alkosto.com/medias/8806095791791-006-1400Wx1400H?context=bWFzdGVyfGltYWdlc3wxNjI1NHxpbWFnZS93ZWJwfGFEbG1MMmhqT0M4eE5EazJNRGd3TXpFMU1Ua3dNaTg0T0RBMk1EazFOemt4TnpreFh6QXdObDh4TkRBd1YzZ3hOREF3U0F8MWQzNjRjZGFjMzY1NmU0YjE5YmM5ZTI1N2FkOTMxZTgzYTU2MjJjODViMzBkZGE3NTVmNGM1MThlYzgwOTk2Mw";;;
87;Samsung Galaxy A25 256GB Azul;"https://http2.mlstatic.com/D_NQ_NP_2X_898195-MLA74436342510_022024-F.webp;https://http2.mlstatic.com/D_NQ_NP_2X_999257-MLA74558591959_022024-F.webp;https://http2.mlstatic.com/D_NQ_NP_2X_941875-MLA74436479036_022024-F.webp";;;
88;Samsung Galaxy A15 5G 256GB Azul;"https://towncenter.co/wp-content/uploads/2024/04/CELULAR-GALAXY-A15-AZUL-DE-256GB-1.webp;https://towncenter.co/wp-content/uploads/2024/04/CELULAR-GALAXY-A15-AZUL-DE-256GB-3.webp;https://towncenter.co/wp-content/uploads/2024/04/CELULAR-GALAXY-A15-AZUL-DE-256GB-5.webp";;;
89;Samsung Galaxy A15 5G 256GB Amarillo;"https://www.macrocell.co/wp-content/uploads/2024/06/samsung-galaxy-a15-5g-65-4gb-128gb-amarillo-sm-a156-1.jpeg;https://www.macrocell.co/wp-content/uploads/2024/06/Celular-SAMSUNG-A15-128GB-Amarillo-7-768x768.jpg";;;
90;Samsung Galaxy A35 256GB Azul;"https://cdn.claro.com.co/imagenes/v9/catalogo/646x1000/70058601.jpg;https://cdn.claro.com.co/imagenes/v9/catalogo/646x1000/70058601_4.jpg;https://cdn.claro.com.co/imagenes/v9/catalogo/646x1000/70058601_5.jpg";;;
91;Samsung Galaxy S24 FE 256GB Negro + SmartBand FIT3;"https://www.ktronix.com/medias/8806095969206-001-750Wx750H?context=bWFzdGVyfGltYWdlc3wxODExNHxpbWFnZS93ZWJwfGFHRmxMMmhtTkM4eE5Ea3lOVFUxTURNNE56SXpNQzg0T0RBMk1EazFPVFk1TWpBMlh6QXdNVjgzTlRCWGVEYzFNRWd8OWJjYzFlOTYzZDgyYTJiYTBjYWI5YjMwOTlmZjIzNTRjMGFjM2FiZDUzMmYwYTE2Njg3NWJhYTRkMjlmYjM4YQ;https://www.ktronix.com/medias/8806095969206-006-750Wx750H?context=bWFzdGVyfGltYWdlc3w1MjcyfGltYWdlL3dlYnB8YURRNUwyZzNZUzh4TkRjeE9UUTROekEwT1RjMU9DODRPREEyTURrMU9UWTVNakEyWHpBd05sODNOVEJYZURjMU1FZ3w0ZmJmMGYwYmEwN2MxNGJlOWVhZWZhYWMwNWUwMjMzMGY0MjVmMWZlMjY0YTE1OWJmZWRkYmVmNzFiMzY3NGM3;https://www.ktronix.com/medias/8806095969206-007-750Wx750H?context=bWFzdGVyfGltYWdlc3w1MDkwfGltYWdlL3dlYnB8YUdWaUwyZzJOUzh4TkRjeE9UUTROell6T1RVNE1pODRPREEyTURrMU9UWTVNakEyWHpBd04xODNOVEJYZURjMU1FZ3xmMzc2ZjgzM2Q5ZmY2ZDFiNGY1NGIzMDI0MzhhYzg5MTE4NWFiMjRmNTEzMzFhYzY3NGE2Nzg3YjFjOTI4MDFk;https://images.samsung.com/is/image/samsung/p6pim/co/sm-r390nzaalta/gallery/co-galaxy-fit3-r390-sm-r390nzaalta-thumb-539839037";;;
93;Samsung Galaxy S24 FE 256GB Gris + Smart Band Fit 3;"https://cdn.claro.com.co/imagenes/v9/catalogo/646x1000/70063101_2.jpg;https://cdn.claro.com.co/imagenes/v9/catalogo/646x1000/70063101_3.jpg;https://images.samsung.com/is/image/samsung/p6pim/co/sm-r390nzaalta/gallery/co-galaxy-fit3-r390-sm-r390nzaalta-thumb-539839037";;;
94;TCL 40 SE 128GB Gris;"https://imagedelivery.net/4fYuQyy-r8_rpBpcY7lH_A/sodimacCO/706178/w=1280,h=832,f=webp,fit=contain,q=85;https://imagedelivery.net/4fYuQyy-r8_rpBpcY7lH_A/sodimacCO/706178_02/w=1280,h=832,f=webp,fit=contain,q=85;https://imagedelivery.net/4fYuQyy-r8_rpBpcY7lH_A/sodimacCO/706178_03/w=1280,h=832,f=webp,fit=contain,q=85";;;
95;TCL 40 SE 256GB Morado + Audifonos TCL TW18;"https://http2.mlstatic.com/D_NQ_NP_2X_810466-MLA75004334351_032024-F.webp;https://http2.mlstatic.com/D_NQ_NP_2X_713805-MLU75173850908_032024-F.webp;https://ae01.alicdn.com/kf/Udabe927c7ecf47f4a13dbeaedad78249e.png";;;
96;Tecno Spark 20 Pro Plus 256GB Verde;"https://exitocol.vtexassets.com/arquivos/ids/26787791/Celular-TECNO-MOBILE-SPARK-20-PRO-256-GB-8-GB-RAM-Verde-3524929_a.jpg?v=638750731226430000;https://exitocol.vtexassets.com/arquivos/ids/26787792/Celular-TECNO-MOBILE-SPARK-20-PRO-256-GB-8-GB-RAM-Verde-3524929_b.jpg?v=638750731228070000;https://exitocol.vtexassets.com/arquivos/ids/26787793/Celular-TECNO-MOBILE-SPARK-20-PRO-256-GB-8-GB-RAM-Verde-3524929_c.jpg?v=638750731228730000";;;
97;TCL 40SE 256GB Gris + Audifonos TCL TW18;"https://imagedelivery.net/4fYuQyy-r8_rpBpcY7lH_A/sodimacCO/706178/w=1280,h=832,f=webp,fit=contain,q=85;https://imagedelivery.net/4fYuQyy-r8_rpBpcY7lH_A/sodimacCO/706178_02/w=1280,h=832,f=webp,fit=contain,q=85;https://imagedelivery.net/4fYuQyy-r8_rpBpcY7lH_A/sodimacCO/706178_03/w=1280,h=832,f=webp,fit=contain,q=85;https://ae01.alicdn.com/kf/Udabe927c7ecf47f4a13dbeaedad78249e.png";;;
98;Tecno Camon 30 5G 512GB Negro + BUDS;"https://cdn.claro.com.co/imagenes/v9/catalogo/646x1000/70059114.jpg;https://cdn.claro.com.co/imagenes/v9/catalogo/646x1000/70059114_2.jpg;https://cdn.claro.com.co/imagenes/v9/catalogo/646x1000/70059114_4.jpg";;;
99;Tecno Spark 20 Pro Plus Blanco;"https://puntoscolombia.vtexassets.com/arquivos/ids/26386061-800-auto?v=638461229148600000&width=800&height=auto&aspect=true;https://puntoscolombia.vtexassets.com/arquivos/ids/26386058-800-auto?v=638461229146570000&width=800&height=auto&aspect=true;https://puntoscolombia.vtexassets.com/arquivos/ids/26386057-800-auto?v=638461229146430000&width=800&height=auto&aspect=true;https://puntoscolombia.vtexassets.com/arquivos/ids/26386060-800-auto?v=638461229146870000&width=800&height=auto&aspect=true";;;
100;Samsung Galaxy A35 256GB Negro;"https://cdn.claro.com.co/imagenes/v9/catalogo/646x1000/70058617.jpg;https://cdn.claro.com.co/imagenes/v9/catalogo/646x1000/70058617_2.jpg;https://cdn.claro.com.co/imagenes/v9/catalogo/646x1000/70058617_3.jpg";;;
101;Tecno Camon 30 5G 512GB Blanco + BUDS;"https://cdn.claro.com.co/imagenes/v9/catalogo/646x1000/70059109.jpg;https://cdn.claro.com.co/imagenes/v9/catalogo/646x1000/70059109_2.jpg;https://cdn.claro.com.co/imagenes/v9/catalogo/646x1000/70059109_4.jpg";;;
102;Tecno Spark 20 Pro Plus 256 GB Negro;"https://imagedelivery.net/4fYuQyy-r8_rpBpcY7lH_A/falabellaCO/72896222_1/w=1500,h=1500,fit=pad;https://imagedelivery.net/4fYuQyy-r8_rpBpcY7lH_A/falabellaCO/72896222_2/w=1500,h=1500,fit=pad;https://imagedelivery.net/4fYuQyy-r8_rpBpcY7lH_A/falabellaCO/72896222_3/w=1500,h=1500,fit=pad;https://imagedelivery.net/4fYuQyy-r8_rpBpcY7lH_A/falabellaCO/72896222_4/w=1500,h=1500,fit=pad";;;
103;Tecno Spark 30 256GB Blanco + Reloj Inteligente;"https://jumbocolombiaio.vtexassets.com/arquivos/ids/711342-1600-1600?v=638701348706230000&width=1600&height=1600&aspect=true;https://jumbocolombiaio.vtexassets.com/arquivos/ids/711345-1600-1600?v=638701348713270000&width=1600&height=1600&aspect=true";;;
104;Tecno Spark 20 256GB Negro;"https://exitocol.vtexassets.com/arquivos/ids/26787691/Celular-TECNO-MOBILE-Spark-20-256-GB-8-GB-RAM-Negro-3510275_a.jpg?v=638750730393070000;https://exitocol.vtexassets.com/arquivos/ids/26787692/Celular-TECNO-MOBILE-Spark-20-256-GB-8-GB-RAM-Negro-3510275_b.jpg?v=638750730394800000;https://exitocol.vtexassets.com/arquivos/ids/26787693/Celular-TECNO-MOBILE-Spark-20-256-GB-8-GB-RAM-Negro-3510275_c.jpg?v=638750730395570000;https://exitocol.vtexassets.com/arquivos/ids/26787694/Celular-TECNO-MOBILE-Spark-20-256-GB-8-GB-RAM-Negro-3510275_d.jpg?v=638750730397130000";;;
105;Tecno Spark 30C 256GB Blanco + Cable USB TRANSF;"https://cdn.claro.com.co/imagenes/v9/catalogo/646x1000/70061416.jpg;https://cdn.claro.com.co/imagenes/v9/catalogo/646x1000/70061416_2.jpg;https://cdn.claro.com.co/imagenes/v9/catalogo/646x1000/70061416_3.jpg;https://down-co.img.susercontent.com/file/sg-11134201-7rd4b-lvmwlj4hmwpp08";;;
106;Tecno Spark 20 Pro Plus 256GB Verde + Reloj Inteligente;"https://jumbocolombiaio.vtexassets.com/arquivos/ids/627166-1600-1600?v=638512214025430000&width=1600&height=1600&aspect=true;https://jumbocolombiaio.vtexassets.com/arquivos/ids/627169-1600-1600?v=638512214344600000&width=1600&height=1600&aspect=true";;;
107;Tecno Spark 30 256GB Blanco;"https://cdn.claro.com.co/imagenes/v9/catalogo/646x1000/70061416.jpg;https://cdn.claro.com.co/imagenes/v9/catalogo/646x1000/70061416_2.jpg;https://cdn.claro.com.co/imagenes/v9/catalogo/646x1000/70061416_3.jpg";;;
108;Tecno Spark 30C 256GB Negro + Cable USB TRANSF;"https://puntoscolombia.vtexassets.com/arquivos/ids/28221443-800-auto?v=638631209165870000&width=800&height=auto&aspect=true;https://puntoscolombia.vtexassets.com/arquivos/ids/28221440-800-auto?v=638631209164300000&width=800&height=auto&aspect=true;https://down-co.img.susercontent.com/file/sg-11134201-7rd4b-lvmwlj4hmwpp08";;;
109;Vivo V40 Lite 256GB Negro + Audifonos TWS;"https://cdn.claro.com.co/imagenes/v9/catalogo/646x1000/70063081.jpg;https://cdn.claro.com.co/imagenes/v9/catalogo/646x1000/70063081_2.jpghttps://cdn.claro.com.co/imagenes/v9/catalogo/646x1000/70063081_7.jpg";;;
110;Vivo V30 SE 256GB Negro + Audifonos TWS;"https://carulla.vtexassets.com/arquivos/ids/19702160/Celular-VIVO-Serie-Y-256-GB-8-GB-RAM-Negro-Smartwatch-3539789_a.jpg?v=638750733054130000;https://carulla.vtexassets.com/arquivos/ids/19702164/Celular-VIVO-Serie-Y-256-GB-8-GB-RAM-Negro-Smartwatch-3539789_e.jpg?v=638750733059470000;https://carulla.vtexassets.com/arquivos/ids/19702165/Celular-VIVO-Serie-Y-256-GB-8-GB-RAM-Negro-Smartwatch-3539789_f.jpg?v=638750733060600000;https://cdn.claro.com.co/imagenes/v9/catalogo/646x1000/70061711_2.jpg";;;
111;Tecno Spark G01 128GB Negro;"https://www.ktronix.com/medias/4894947036163-001-750Wx750H?context=bWFzdGVyfGltYWdlc3wxNzU3NnxpbWFnZS93ZWJwfGFHTTJMMmhqTmk4eE5Ea3lOVE15TnpZek1ETTJOaTgwT0RrME9UUTNNRE0yTVRZelh6QXdNVjgzTlRCWGVEYzFNRWd8MDllZGQzMmE2MjM0NzdkMGEzYjJhYmRmOTRmYjA2YzU5NDZmN2M0OTBjMWNlM2Q4NWM4M2ViNzEwOGQ5OWI3Zg;https://www.ktronix.com/medias/4894947036163-005-750Wx750H?context=bWFzdGVyfGltYWdlc3wzMzUxNnxpbWFnZS93ZWJwfGFHVTNMMmd3WWk4eE5Ea3hOemszTURNMk1qTTVPQzgwT0RrME9UUTNNRE0yTVRZelh6QXdOVjgzTlRCWGVEYzFNRWd8MjEwNWQxMjIwNzA3N2VmZWMyMzU0OWI4OTQ5MDc2ZWJjMTgyYzIwYzYyODExNTg1MjE2MjdmNzg0ZmUxNWQ5Nw;https://www.ktronix.com/medias/4894947036163-007-750Wx750H?context=bWFzdGVyfGltYWdlc3wzMDU3OHxpbWFnZS93ZWJwfGFEZ3dMMmcyTkM4eE5Ea3hOemszTVRVME1qQTBOaTgwT0RrME9UUTNNRE0yTVRZelh6QXdOMTgzTlRCWGVEYzFNRWd8Yjc4MzVlMGYzMWNlNDFmYjNlNDA3MmNhNzc4MGEwOWYyZTVkYjBjNGE1ZTM5MTM4NTYzYjNkZmM4NmVhYmRkNQ";;;
112;Vivo V40 SE 256GB Negro + Audifonos TWS Gen;"https://cdn.claro.com.co/imagenes/v9/catalogo/646x1000/70061711.jpg;https://cdn.claro.com.co/imagenes/v9/catalogo/646x1000/70061711_2.jpg;https://cdn.claro.com.co/imagenes/v9/catalogo/646x1000/70061711_7.jpg;https://cdn.claro.com.co/imagenes/v9/catalogo/646x1000/70061711_6.jpg";;;
113;Vivo V40 Lite 256GB Blanco;"https://sercomunicaciones.com/wp-content/uploads/2024/11/Vivo-V40-Lite-blanco-frente.png;https://sercomunicaciones.com/wp-content/uploads/2024/11/Vivo-V40-Lite-blanco-lado.png;https://sercomunicaciones.com/wp-content/uploads/2024/11/Vivo-V40-Lite-blanco-delado.png";;;
114;Vivo Y03 128GB Negro;"https://jumbocolombiaio.vtexassets.com/arquivos/ids/635564-1600-1600?v=638544014039400000&width=1600&height=1600&aspect=true;https://jumbocolombiaio.vtexassets.com/arquivos/ids/635569-1600-1600?v=638544014052700000&width=1600&height=1600&aspect=true;https://jumbocolombiaio.vtexassets.com/arquivos/ids/635568-1600-1600?v=638544014049730000&width=1600&height=1600&aspect=true";;;
115;Vivo Y18 128GB/6GB Azul;"https://exitocol.vtexassets.com/arquivos/ids/26788316/Celular-VIVO-Y18-128-GB-6-GB-RAM-Azul-3573480_a.jpg?v=638750734996470000;https://exitocol.vtexassets.com/arquivos/ids/26788319/Celular-VIVO-Y18-128-GB-6-GB-RAM-Azul-3573480_d.jpg?v=638750735000070000;https://exitocol.vtexassets.com/arquivos/ids/26788320/Celular-VIVO-Y18-128-GB-6-GB-RAM-Azul-3573480_e.jpg?v=638750735001000000;https://exitocol.vtexassets.com/arquivos/ids/26788322/Celular-VIVO-Y18-128-GB-6-GB-RAM-Azul-3573480_g.jpg?v=638750735002400000";;;
116;Tecno Spark 20 256GB Dorado;"https://http2.mlstatic.com/D_NQ_NP_2X_732977-MLU74609530533_022024-F.webp;https://http2.mlstatic.com/D_NQ_NP_2X_864703-MLU74609530547_022024-F.webp;https://http2.mlstatic.com/D_NQ_NP_2X_984035-MLU74485497700_022024-F.webp";;;
117;Vivo V40 SE 256GB Plateado + Audifonos TWS Gen;"https://cdn.claro.com.co/imagenes/v9/catalogo/646x1000/70061772.jpg;https://cdn.claro.com.co/imagenes/v9/catalogo/646x1000/70061772_2.jpg;https://cdn.claro.com.co/imagenes/v9/catalogo/646x1000/70061772_7.jpg;https://cdn.claro.com.co/imagenes/v9/catalogo/646x1000/70061772_6.jpg";;;
118;Vivo Y19 256GB Negro + Audifonos ALAM + SOPOR CEL;"https://cdn.claro.com.co/imagenes/v9/catalogo/646x1000/70062681.jpg;https://cdn.claro.com.co/imagenes/v9/catalogo/646x1000/70062681_2.jpg";;;
119;Vivo Y18 256GB Azul;"https://exitocol.vtexassets.com/arquivos/ids/26788091/Celular-VIVO-VIVO-Y18-256GB-256-GB-8-GB-RAM-Azul-claro-3555350_a.jpg?v=638750733318000000;https://exitocol.vtexassets.com/arquivos/ids/26788094/Celular-VIVO-VIVO-Y18-256GB-256-GB-8-GB-RAM-Azul-claro-3555350_d.jpg?v=638750733320500000;https://exitocol.vtexassets.com/arquivos/ids/26788095/Celular-VIVO-VIVO-Y18-256GB-256-GB-8-GB-RAM-Azul-claro-3555350_e.jpg?v=638750733321430000";;;
120;Vivo Y03 128GB Verde;"https://jumbocolombiaio.vtexassets.com/arquivos/ids/635573-1600-1600?v=638544014061500000&width=1600&height=1600&aspect=true;https://jumbocolombiaio.vtexassets.com/arquivos/ids/635577-1600-1600?v=638544014073200000&width=1600&height=1600&aspect=true;https://jumbocolombiaio.vtexassets.com/arquivos/ids/635578-1600-1600?v=638544014075730000&width=1600&height=1600&aspect=true";;;
121;Vivo V25 128GB Negro + Audifonos TWS AIR;"https://www.alkosto.com/medias/7709395978286-002-750Wx750H?context=bWFzdGVyfGltYWdlc3wyODI5NHxpbWFnZS93ZWJwfGFESm1MMmcyT1M4eE5ETXpOakUyTmpNek1ETTVPQzgzTnpBNU16azFPVGM0TWpnMlh6QXdNbDgzTlRCWGVEYzFNRWd8ODM1N2U1OTBjOWE1NzIzOTQxNjk4N2QxNDI0ZWFiODg5YTI3OGQwNjA4ODU2ZjhmNTQxZTJjMDE4ZmYxYzY5NA;https://www.alkosto.com/medias/7709395978286-004-750Wx750H?context=bWFzdGVyfGltYWdlc3wxNTM3NHxpbWFnZS93ZWJwfGFEYzBMMmhrTXk4eE5ETXpOakUyTnpNM09EazNOQzgzTnpBNU16azFPVGM0TWpnMlh6QXdORjgzTlRCWGVEYzFNRWd8Y2Y4ODU2NDE3NTUxZWIyOTlmYjM3ZTA2ZWViMGExNmY4YTQ2YjczMzAyNTczOGYyZTg5OTAzNjFkMjU0Y2Q5Ng;https://www.alkosto.com/medias/7709395978286-007-750Wx750H?context=bWFzdGVyfGltYWdlc3wxMTk2MnxpbWFnZS93ZWJwfGFEZ3pMMmhoWlM4eE5ETXpOakUyT0RrMU1UZ3pPQzgzTnpBNU16azFPVGM0TWpnMlh6QXdOMTgzTlRCWGVEYzFNRWd8ODJmNGVjMzM0ODQ2MmMyYTAzZTAxMTM5MDg3NzQ4NmRkNjZmYzZkYTg2NGIwMWJhNDJjNDY4ZjcyZjE3NTM5OQ;https://tienda.todomovil.co/wp-content/uploads/2024/06/WhatsApp-Image-2023-09-04-at-11.15.47-AM-1.jpeg";;;
122;Vivo Y38 256GB Azul;"https://cdn.claro.com.co/imagenes/v9/catalogo/646x1000/70059316.jpg;https://cdn.claro.com.co/imagenes/v9/catalogo/646x1000/70059316_4.jpg;https://cdn.claro.com.co/imagenes/v9/catalogo/646x1000/70059316_5.jpg";;;
123;Vivo Y18 256GB Negro;"https://jumbocolombiaio.vtexassets.com/arquivos/ids/635629-1600-1600?v=638544014210830000&width=1600&height=1600&aspect=true;https://jumbocolombiaio.vtexassets.com/arquivos/ids/635633-1600-1600?v=638544014224300000&width=1600&height=1600&aspect=true;https://jumbocolombiaio.vtexassets.com/arquivos/ids/635634-1600-1600?v=638544014226500000&width=1600&height=1600&aspect=true";;;
124;Xiaomi 14T 512GB Gris;"https://http2.mlstatic.com/D_NQ_NP_2X_821999-MLA79885315176_102024-F.webp;https://http2.mlstatic.com/D_NQ_NP_2X_643478-MLA79828423553_102024-F.webp;https://http2.mlstatic.com/D_NQ_NP_2X_836707-MLA82239923091_022025-F.webp";;;
125;Vivo Y38 256GB Negro;"https://cdn.claro.com.co/imagenes/v9/catalogo/646x1000/70059271.jpg;https://cdn.claro.com.co/imagenes/v9/catalogo/646x1000/70059271_4.jpg;https://cdn.claro.com.co/imagenes/v9/catalogo/646x1000/70059271_5.jpg";;;
126;Xiaomi 14T Pro 512GB Negro;"https://cdn.claro.com.co/imagenes/v9/catalogo/646x1000/70060869.jpg;https://cdn.claro.com.co/imagenes/v9/catalogo/646x1000/70060869_2.jpg;https://cdn.claro.com.co/imagenes/v9/catalogo/646x1000/70060869_5.jpg";;;
127;Xiaomi 14T Pro 512GB Gris;"https://tienda.movistar.com.co/media/catalog/product/cache/5ef02510d71dc93118619de4fb50cd05/x/i/xiaomi14tprogris01_1.jpg;https://tienda.movistar.com.co/media/catalog/product/cache/5ef02510d71dc93118619de4fb50cd05/x/i/xiaomi14tprogris03.jpg;https://tienda.movistar.com.co/media/catalog/product/cache/5ef02510d71dc93118619de4fb50cd05/x/i/xiaomi14tprogris02.jpg";;;
128;Vivo Y18 128GB/6GB Negro;"https://exitocol.vtexassets.com/arquivos/ids/26788324/Celular-VIVO-Y18-128-GB-6-GB-RAM-Negro-3573481_a.jpg?v=638750735037500000;https://exitocol.vtexassets.com/arquivos/ids/26788327/Celular-VIVO-Y18-128-GB-6-GB-RAM-Negro-3573481_d.jpg?v=638750735043000000;https://exitocol.vtexassets.com/arquivos/ids/26788328/Celular-VIVO-Y18-128-GB-6-GB-RAM-Negro-3573481_e.jpg?v=638750735044070000";;;
129;Xiaomi Redmi 9A 32GB Azul;"https://http2.mlstatic.com/D_NQ_NP_2X_746902-MLA48765111950_012022-F.webp;https://http2.mlstatic.com/D_NQ_NP_2X_871145-MLA48765111953_012022-F.webp;https://http2.mlstatic.com/D_NQ_NP_2X_667260-MLA48765111955_012022-F.webp";;;
130;Xiaomi 14T 512GB Negro;"https://carulla.vtexassets.com/arquivos/ids/19702624/Celular-XIAOMI-Xiaomi-14T-512GB-5G-Ng-512-GB-12-GB-RAM-3602788_a.jpg?v=638750737430230000;https://carulla.vtexassets.com/arquivos/ids/19702625/Celular-XIAOMI-Xiaomi-14T-512GB-5G-Ng-512-GB-12-GB-RAM-3602788_b.jpg?v=638750737431630000;https://carulla.vtexassets.com/arquivos/ids/19702627/Celular-XIAOMI-Xiaomi-14T-512GB-5G-Ng-512-GB-12-GB-RAM-3602788_d.jpg?v=638750737434170000";;;
131;Xiaomi Redmi Note 14 Pro 5G 256GB Morado;"https://cdn.claro.com.co/imagenes/v9/catalogo/646x1000/70062689.jpg;https://cdn.claro.com.co/imagenes/v9/catalogo/646x1000/70062689_5.jpg;https://cdn.claro.com.co/imagenes/v9/catalogo/646x1000/70062689_4.jpg";;;
133;Xiaomi Redmi A3 64GB Azul;"https://http2.mlstatic.com/D_NQ_NP_2X_771779-MLA75577657177_042024-F.webp;https://http2.mlstatic.com/D_NQ_NP_2X_747048-MCO77464008263_072024-F.webp;https://http2.mlstatic.com/D_NQ_NP_2X_994245-MCO77463851463_072024-F.webp";;;
134;Xiaomi Mi 9 Azul;"https://http2.mlstatic.com/D_NQ_NP_2X_698133-MLA44156279520_112020-F.webp;https://http2.mlstatic.com/D_NQ_NP_2X_948152-MLA44156283419_112020-F.webp;https://http2.mlstatic.com/D_NQ_NP_2X_735874-MLA44156278561_112020-F.webp";;;
135;Xiaomi Redmi 14C 128GB Negro;"https://compras.tigo.com.co/arquivos/ids/164514-1000-1000/Tigo-01.jpg?v=638659135536130000;https://compras.tigo.com.co/arquivos/ids/164515-1000-1000/Tigo-02.jpg?v=638774914863300000;https://compras.tigo.com.co/arquivos/ids/164517-1000-1000/Tigo-04.jpg?v=638774914863300000";;;
136;Xiaomi Redmi A3 64GB Negro;"https://http2.mlstatic.com/D_NQ_NP_2X_800764-MLU77839612655_072024-F.webp;https://http2.mlstatic.com/D_NQ_NP_2X_847565-MLA76991175645_062024-F.webp";;;
137;Xiaomi Redmi Note 14 Pro 5G 256GB Negro;"https://cdn.claro.com.co/imagenes/v9/catalogo/646x1000/70062728.jpg;https://cdn.claro.com.co/imagenes/v9/catalogo/646x1000/70062728_2.jpg;https://cdn.claro.com.co/imagenes/v9/catalogo/646x1000/70062728_3.jpg";;;
138;Xiaomi Redmi Note 13 256GB Azul;"https://cdn.claro.com.co/imagenes/v9/catalogo/646x1000/70057267_4.jpg;https://cdn.claro.com.co/imagenes/v9/catalogo/646x1000/70057267_3.jpg";;;
139;Xiaomi Redmi Note 13 256GB Negro;"https://cdn.claro.com.co/imagenes/v9/catalogo/646x1000/70057282_4.jpg;https://cdn.claro.com.co/imagenes/v9/catalogo/646x1000/70057282_3.jpg";;;
140;Xiaomi Redmi Note 13 Pro 512GB Morado + SmartBand 8;"https://imagedelivery.net/4fYuQyy-r8_rpBpcY7lH_A/falabellaCO/128342960_01/w=1500,h=1500,fit=pad;https://imagedelivery.net/4fYuQyy-r8_rpBpcY7lH_A/falabellaCO/128342960_02/w=1500,h=1500,fit=pad;https://imagedelivery.net/4fYuQyy-r8_rpBpcY7lH_A/falabellaCO/128342960_03/w=1500,h=1500,fit=pad;https://exitocol.vtexassets.com/arquivos/ids/24245625/Smart-Band-8-Negro-XIAOMI-Smart-Band-8-3462365_c.jpg?v=638602228049070000";;;
141;ZTE A75 128GB Verde;"https://http2.mlstatic.com/D_NQ_NP_2X_772594-MCO82896318109_032025-F.webp;https://http2.mlstatic.com/D_NQ_NP_2X_640252-MCO82896123539_032025-F.webp";;;
142;Xiaomi Redmi Note 13 Pro 512GB Morado + BUDS 6 Play;"https://cdn.claro.com.co/imagenes/v9/catalogo/646x1000/70063125.jpg;https://cdn.claro.com.co/imagenes/v9/catalogo/646x1000/70063125_4.jpg;https://cdn.claro.com.co/imagenes/v9/catalogo/646x1000/70063125_5.jpg;https://cdn.claro.com.co/imagenes/v9/catalogo/646x1000/70063125_6.jpg";;;
143;Xiaomi Redmi Note 13 Pro 256GB Verde;"https://http2.mlstatic.com/D_NQ_NP_2X_932140-MLA75588494868_042024-F.webp;https://http2.mlstatic.com/D_NQ_NP_2X_725256-MLA79307970898_092024-F.webp";;;
144;Xiaomi Redmi Note 13 Pro 5G 256GB Negro;"https://imagedelivery.net/4fYuQyy-r8_rpBpcY7lH_A/falabellaCO/127916460_01/w=1500,h=1500,fit=pad;https://imagedelivery.net/4fYuQyy-r8_rpBpcY7lH_A/falabellaCO/127916460_05/w=1500,h=1500,fit=pad;https://imagedelivery.net/4fYuQyy-r8_rpBpcY7lH_A/falabellaCO/127916460_03/w=1500,h=1500,fit=pad";;;
145;ZTE Blade L130;"https://http2.mlstatic.com/D_NQ_NP_2X_979076-MLA44155944144_112020-F.webp;https://http2.mlstatic.com/D_NQ_NP_2X_885557-MLA44155944147_112020-F.webp";;;
146;Xiaomi Redmi Note 13 Pro 256GB Negro + SmartBand 9;"https://http2.mlstatic.com/D_NQ_NP_2X_709499-MLA75547214934_042024-F.webp;https://http2.mlstatic.com/D_NQ_NP_2X_622198-MLA79551622113_092024-F.webp;https://http2.mlstatic.com/D_NQ_NP_2X_635026-MLA79551719945_092024-F.webp;https://lasus.com.co/150276-large_default/xiaomi-smart-band-9-elegancia-y-funcionalidad-en-midnight-black.jpg";;;
147;ZTE V60 Design 256GB Dorado;"https://www.tiendaamiga.com.bo/media/catalog/product/cache/55e84a69b2b6f5251b92ffff7fcb1046/z/t/zte_dorado_web.jpg;https://www.tiendaamiga.com.bo/media/catalog/product/cache/55e84a69b2b6f5251b92ffff7fcb1046/z/t/zte_dorado2.jpg;https://www.tiendaamiga.com.bo/media/catalog/product/cache/55e84a69b2b6f5251b92ffff7fcb1046/z/t/zte_dorado_3.jpg";;;
148;Xiaomi Redmi Note 13 5G 256GB Negro;"https://http2.mlstatic.com/D_NQ_NP_913880-MLA79480244722_102024-O.webp;https://http2.mlstatic.com/D_NQ_NP_988912-MLA74216545522_012024-O.webp;https://http2.mlstatic.com/D_NQ_NP_935491-MLA74216253570_012024-O.webp";;;
149;Motorola Edge 50 Fusion 512GB Verde;"https://exitocol.vtexassets.com/arquivos/ids/26789390/Celular-MOTOROLA-Edge-50-Fusion-512GB-512-GB-12-GB-RAM-Verde-3650441_a.jpg?v=638750743299730000;https://exitocol.vtexassets.com/arquivos/ids/26789391/Celular-MOTOROLA-Edge-50-Fusion-512GB-512-GB-12-GB-RAM-Verde-3650441_b.jpg?v=638750743300370000;https://exitocol.vtexassets.com/arquivos/ids/26789392/Celular-MOTOROLA-Edge-50-Fusion-512GB-512-GB-12-GB-RAM-Verde-3650441_c.jpg?v=638750743301530000";;;
150;ZTE A75 128GB Negro;"https://http2.mlstatic.com/D_NQ_NP_2X_759163-MCO82148123547_012025-F.webp;https://http2.mlstatic.com/D_NQ_NP_2X_763933-MCO82148202857_012025-F.webp;https://catalogo.jazztel.com/catalogo/Imagenes/Dispositivos/ZTE-A75-5G-128GB-NEGRO-_Front.webp";;;
151;ZTE V60 Design 256GB Azul;"https://sercomunicaciones.com/wp-content/uploads/2024/11/ZTE-Blade-V60-desing-azul-frente.png;https://sercomunicaciones.com/wp-content/uploads/2024/11/ZTE-Blade-V60-desing-azul-atras.png;https://sercomunicaciones.com/wp-content/uploads/2024/11/ZTE-Blade-V60-desing-azul-defrente.png";;;
152;Motorola G04 128GB Verde;"https://http2.mlstatic.com/D_NQ_NP_2X_997942-MLU78447065018_082024-F.webp;https://http2.mlstatic.com/D_NQ_NP_2X_859382-MLU75293019637_032024-F.webp;https://http2.mlstatic.com/D_NQ_NP_2X_660275-MLU75293019641_032024-F.webp;https://http2.mlstatic.com/D_NQ_NP_2X_637767-MLU75292970481_032024-F.webp";;;
153;ZTE V60 Design 256GB Violeta;"https://sercomunicaciones.com/wp-content/uploads/2024/11/ZTE-Blade-V60-desing-morado-frente.png;https://sercomunicaciones.com/wp-content/uploads/2024/11/ZTE-Blade-V60-desing-morado-atras.png;https://sercomunicaciones.com/wp-content/uploads/2024/11/ZTE-Blade-V60-desing-morado-defrente.png";;;
;;;;;
